序号,工具名称,概览页URL,定价页URL,替代品页URL,官方链接,评分,起价,定价模式
1,InVideo,https://best-ai-video.com/tool/invideo,https://best-ai-video.com/tool/invideo/pricing,https://best-ai-video.com/tool/invideo/alternatives,https://invideo.io?ref=demo,4.8,$20/mo,Freemium
2,HeyGen,https://best-ai-video.com/tool/heygen,https://best-ai-video.com/tool/heygen/pricing,https://best-ai-video.com/tool/heygen/alternatives,https://heygen.com?ref=demo,4.9,$29/mo,Freemium
3,Synthesia,https://best-ai-video.com/tool/synthesia,https://best-ai-video.com/tool/synthesia/pricing,https://best-ai-video.com/tool/synthesia/alternatives,https://synthesia.io?ref=demo,4.7,$30/mo,Subscription
4,Descript,https://best-ai-video.com/tool/descript,https://best-ai-video.com/tool/descript/pricing,https://best-ai-video.com/tool/descript/alternatives,https://descript.com?ref=demo,4.8,$12/mo,Freemium
5,Opus Clip,https://best-ai-video.com/tool/opus-clip,https://best-ai-video.com/tool/opus-clip/pricing,https://best-ai-video.com/tool/opus-clip/alternatives,https://opusclip.com?ref=demo,4.6,$19/mo,Freemium
6,Runway,https://best-ai-video.com/tool/runway,https://best-ai-video.com/tool/runway/pricing,https://best-ai-video.com/tool/runway/alternatives,https://runwayml.com?ref=demo,4.9,$15/mo,Freemium
7,Pika,https://best-ai-video.com/tool/pika,https://best-ai-video.com/tool/pika/pricing,https://best-ai-video.com/tool/pika/alternatives,https://pika.art?ref=demo,4.7,$10/mo,Freemium
8,Sora,https://best-ai-video.com/tool/sora,https://best-ai-video.com/tool/sora/pricing,https://best-ai-video.com/tool/sora/alternatives,https://openai.com/sora?ref=demo,4.8,$20/mo,Subscription
9,Fliki,https://best-ai-video.com/tool/fliki,https://best-ai-video.com/tool/fliki/pricing,https://best-ai-video.com/tool/fliki/alternatives,https://fliki.ai/?via=jack-shan,4.6,$21/mo,Freemium
10,Pictory,https://best-ai-video.com/tool/pictory,https://best-ai-video.com/tool/pictory/pricing,https://best-ai-video.com/tool/pictory/alternatives,https://pictory.ai?ref=demo,4.6,$19/mo,Freemium
11,Veed.io,https://best-ai-video.com/tool/veed-io,https://best-ai-video.com/tool/veed-io/pricing,https://best-ai-video.com/tool/veed-io/alternatives,https://veed.io?ref=demo,4.7,$12/mo,Freemium
12,Colossyan,https://best-ai-video.com/tool/colossyan,https://best-ai-video.com/tool/colossyan/pricing,https://best-ai-video.com/tool/colossyan/alternatives,https://colossyan.com?ref=demo,4.6,$28/mo,Subscription
13,Elai.io,https://best-ai-video.com/tool/elai-io,https://best-ai-video.com/tool/elai-io/pricing,https://best-ai-video.com/tool/elai-io/alternatives,https://elai.io?ref=demo,4.5,$23/mo,Freemium
14,D-ID,https://best-ai-video.com/tool/d-id,https://best-ai-video.com/tool/d-id/pricing,https://best-ai-video.com/tool/d-id/alternatives,https://d-id.com?ref=demo,4.4,$5/mo,Freemium
15,DeepBrain AI,https://best-ai-video.com/tool/deepbrain-ai,https://best-ai-video.com/tool/deepbrain-ai/pricing,https://best-ai-video.com/tool/deepbrain-ai/alternatives,https://deepbrain.ai?ref=demo,4.8,$30/mo,Subscription
16,Synthesys,https://best-ai-video.com/tool/synthesys,https://best-ai-video.com/tool/synthesys/pricing,https://best-ai-video.com/tool/synthesys/alternatives,https://synthesys.io?ref=demo,4.5,$29/mo,Subscription
17,FlexClip,https://best-ai-video.com/tool/flexclip,https://best-ai-video.com/tool/flexclip/pricing,https://best-ai-video.com/tool/flexclip/alternatives,https://flexclip.com?ref=demo,4.4,$9/mo,Freemium
18,Lumen5,https://best-ai-video.com/tool/lumen5,https://best-ai-video.com/tool/lumen5/pricing,https://best-ai-video.com/tool/lumen5/alternatives,https://lumen5.com?ref=demo,4.5,$19/mo,Freemium
19,Steve AI,https://best-ai-video.com/tool/steve-ai,https://best-ai-video.com/tool/steve-ai/pricing,https://best-ai-video.com/tool/steve-ai/alternatives,https://steve.ai?ref=demo,4.5,$15/mo,Freemium
20,Zebracat,https://best-ai-video.com/tool/zebracat,https://best-ai-video.com/tool/zebracat/pricing,https://best-ai-video.com/tool/zebracat/alternatives,http://studio.zebracat.ai/signup/?via=jack-shan,4.7,$19/mo,Freemium